{
  "hash": "e6257cb4",
  "configHash": "07f966db",
  "lockfileHash": "680fde38",
  "browserHash": "5c06021a",
  "optimized": {
    "@angular/common": {
      "src": "../../../../../node_modules/@angular/common/fesm2022/common.mjs",
      "file": "@angular_common.js",
      "fileHash": "920122b8",
      "needsInterop": false
    },
    "@angular/common/http": {
      "src": "../../../../../node_modules/@angular/common/fesm2022/http.mjs",
      "file": "@angular_common_http.js",
      "fileHash": "530c0cda",
      "needsInterop": false
    },
    "@angular/core": {
      "src": "../../../../../node_modules/@angular/core/fesm2022/core.mjs",
      "file": "@angular_core.js",
      "fileHash": "ab63f678",
      "needsInterop": false
    },
    "@angular/forms": {
      "src": "../../../../../node_modules/@angular/forms/fesm2022/forms.mjs",
      "file": "@angular_forms.js",
      "fileHash": "e787955c",
      "needsInterop": false
    },
    "@angular/platform-browser": {
      "src": "../../../../../node_modules/@angular/platform-browser/fesm2022/platform-browser.mjs",
      "file": "@angular_platform-browser.js",
      "fileHash": "4be5726d",
      "needsInterop": false
    },
    "@angular/platform-server": {
      "src": "../../../../../node_modules/@angular/platform-server/fesm2022/platform-server.mjs",
      "file": "@angular_platform-server.js",
      "fileHash": "c45f7a31",
      "needsInterop": false
    },
    "@angular/router": {
      "src": "../../../../../node_modules/@angular/router/fesm2022/router.mjs",
      "file": "@angular_router.js",
      "fileHash": "6214ad65",
      "needsInterop": false
    }
  },
  "chunks": {
    "chunk-DFRW7B5V": {
      "file": "chunk-DFRW7B5V.js"
    },
    "chunk-4FH6FVAY": {
      "file": "chunk-4FH6FVAY.js"
    },
    "chunk-OSBTETYF": {
      "file": "chunk-OSBTETYF.js"
    },
    "chunk-WID3CJDL": {
      "file": "chunk-WID3CJDL.js"
    },
    "xhr2-V2GDQ3PS": {
      "file": "xhr2-V2GDQ3PS.js"
    },
    "chunk-NQ4HTGF6": {
      "file": "chunk-NQ4HTGF6.js"
    }
  }
}