{
  "hash": "048ed332",
  "configHash": "18bdaf71",
  "lockfileHash": "680fde38",
  "browserHash": "92278c59",
  "optimized": {
    "@angular/common": {
      "src": "../../../../../node_modules/@angular/common/fesm2022/common.mjs",
      "file": "@angular_common.js",
      "fileHash": "1abf7d29",
      "needsInterop": false
    },
    "@angular/common/http": {
      "src": "../../../../../node_modules/@angular/common/fesm2022/http.mjs",
      "file": "@angular_common_http.js",
      "fileHash": "0c1751ac",
      "needsInterop": false
    },
    "@angular/core": {
      "src": "../../../../../node_modules/@angular/core/fesm2022/core.mjs",
      "file": "@angular_core.js",
      "fileHash": "9ed3f7c1",
      "needsInterop": false
    },
    "@angular/forms": {
      "src": "../../../../../node_modules/@angular/forms/fesm2022/forms.mjs",
      "file": "@angular_forms.js",
      "fileHash": "89e22d08",
      "needsInterop": false
    },
    "@angular/platform-browser": {
      "src": "../../../../../node_modules/@angular/platform-browser/fesm2022/platform-browser.mjs",
      "file": "@angular_platform-browser.js",
      "fileHash": "de7141d1",
      "needsInterop": false
    },
    "@angular/router": {
      "src": "../../../../../node_modules/@angular/router/fesm2022/router.mjs",
      "file": "@angular_router.js",
      "fileHash": "0113cb27",
      "needsInterop": false
    }
  },
  "chunks": {
    "chunk-4VGM4JJC": {
      "file": "chunk-4VGM4JJC.js"
    },
    "chunk-EIE5J2UG": {
      "file": "chunk-EIE5J2UG.js"
    },
    "chunk-MT3KMR2L": {
      "file": "chunk-MT3KMR2L.js"
    },
    "chunk-I2YWASNZ": {
      "file": "chunk-I2YWASNZ.js"
    }
  }
}